dateTime,time
1605153600,1605215827
1605153600,1605207662
1605153600,1605215827
1605153600,1605215497
1605153600,1605215826
1605153600,1605215340
1605153600,1605215826
1605153600,1605215826
1605153600,1605207601
1605153600,1605215826
1605153600,1605215826
1605153600,1605214203
1605153600,1605215826
1605153600,1605215825
1605153600,1605183682
1605153600,1605215825
1605153600,1605215825
1605153600,1605215825
1605067200,1605150187
1605153600,1605215825
1605153600,1605215825
1605153600,1605215825
1605153600,1605215825
1605153600,1605212516
1605153600,1605215825
1605153600,1605209171
1605153600,1605215825
1605153600,1605215825
1605153600,1605215825
1605153600,1605154192
1605153600,1605215825
1605153600,1605215550
1605153600,1605215825
1605153600,1605207601
1605153600,1605215825
1605153600,1605215825
1605153600,1605215824
1605153600,1605211734
1605153600,1605215824
1605153600,1605193261
1605153600,1605215824
1605153600,1605208706
1605153600,1605215824
1605067200,1605150187
1605153600,1605215824
1605153600,1605213833
1605153600,1605215824
1605153600,1605209267
1605153600,1605215824
1605067200,1605139875
1605153600,1605215824
1605153600,1605215824
1605153600,1605215824
1605153600,1605213551
1605153600,1605215824
1605153600,1605215824
1605153600,1605196757
1605153600,1605215823
1604894400,1604950250
1605153600,1605215823
1605153600,1605215823
1605153600,1605171006
1605153600,1605215823
1605153600,1605215823
1605153600,1605215823
1605153600,1605184922
1605153600,1605215823
1605153600,1605215822
1605153600,1605215822
1605153600,1605215822
1605153600,1605215822
1605153600,1605201712
1605153600,1605215822
1605153600,1605215822
1605153600,1605207601
1605153600,1605215822
1605153600,1605215822
1605153600,1605215822
1605153600,1605215822
1605153600,1605164401
1605153600,1605215822
1605153600,1605215138
1605153600,1605215822
1605153600,1605214565
1605153600,1605215822
1605153600,1605207058
1605153600,1605215822
1605153600,1605215822
1605153600,1605211626
1605153600,1605215822
1605153600,1605215822
1605153600,1605215821
1605153600,1605208254
1605153600,1605215821
1605153600,1605214116
1605153600,1605215821
1605153600,1605215821
1605153600,1605198822
1605153600,1605215821
1605153600,1605215821
1605153600,1605215821
1605153600,1605213231
1605153600,1605215821
1605153600,1605215821
1605067200,1605134440
1605153600,1605215821
1605153600,1605202639
1605153600,1605215821
1605153600,1605183682
1605153600,1605215821
1605153600,1605211099
1605153600,1605215820
1605153600,1605205655
1605153600,1605215820
1605153600,1605215798
1605153600,1605215820
1605153600,1605215820
1605153600,1605215820
1605153600,1605210145
1605153600,1605215820
1605153600,1605207601
1605153600,1605215820
1605153600,1605199034
1605153600,1605215820
1605153600,1605215820
1605153600,1605184922
1605153600,1605215820
1605153600,1605215820
1605153600,1605210516
1605153600,1605215820
1605153600,1605208786
1605153600,1605215819
1605153600,1605210912
1605153600,1605215819
1605153600,1605204006
1605153600,1605215819
1605153600,1605215280
1605153600,1605215819
1605153600,1605215819
1605153600,1605215819
1605153600,1605209009
1605153600,1605215819
1605153600,1605215819
1605153600,1605212786
1605153600,1605215819
1605153600,1605215819
1605153600,1605209032
1605153600,1605215819
1605067200,1605147591
1605153600,1605215819
1605153600,1605208646
1605153600,1605215819
1605153600,1605154604
1605153600,1605215819
1605153600,1605215818
1605153600,1605184922
1605153600,1605215818
1605153600,1605215764
1605153600,1605215818
1605153600,1605215818
1605153600,1605207601
1605153600,1605215818
1605153600,1605209827
1605153600,1605215818
1605153600,1605215818
1605153600,1605212980
1605153600,1605215818
1605067200,1605110006
1605153600,1605215818
1605153600,1605215642
1605153600,1605215818
1605153600,1605215786
1605153600,1605215818
1605153600,1605215681
1605153600,1605215818
1605153600,1605154930
1605153600,1605215817
1605153600,1605214116
1605153600,1605215817
1605153600,1605213879
1605153600,1605215817
1605153600,1605215817
1605153600,1605215817
1604894400,1604948953
1605153600,1605215817
1604980800,1605066351
1605153600,1605215817
1605153600,1605215816
1605067200,1605069275
1605153600,1605215816
1605153600,1605214221
1605153600,1605215816
1605153600,1605164401
1605153600,1605215816
1605153600,1605214800
1605153600,1605215816
1605153600,1605195020
1605153600,1605215816
1605153600,1605154930
1605153600,1605215816
1605153600,1605195190
1605153600,1605215816
1605153600,1605215816
1605153600,1605207601
1605153600,1605215816
1605153600,1605209606
1605153600,1605215816
1604808000,1604864407
1605153600,1605215815
1605153600,1605215815
1605153600,1605212262
1605153600,1605215815
1604980800,1605042000
1605153600,1605215815
1605153600,1605215815
1605153600,1605208502
1605153600,1605215815
1605153600,1605213450
1605153600,1605215815
1605153600,1605177529
1605153600,1605215815
1605153600,1605215815
1604980800,1605015451
1605153600,1605215815
1605153600,1605215815
1605153600,1605214116
1605153600,1605215814
1605153600,1605215814
1605153600,1605215814
1605153600,1605215814
1605153600,1605214894
1605153600,1605215814
1605067200,1605134440
1605153600,1605215814
1605153600,1605207505
1605153600,1605215814
1605153600,1605215814
1605153600,1605215491
1605153600,1605215814
1605153600,1605215814
1605153600,1605207662
1605153600,1605215814
1605153600,1605215814
1605153600,1605214573
1605153600,1605215814
1605153600,1605215813
1605153600,1605215813
1605153600,1605215813
1605153600,1605195152
1605153600,1605215813
1605153600,1605215160
1605153600,1605215813
1605153600,1605208241
1605153600,1605215813
1605153600,1605215813
1605153600,1605207662
1605153600,1605215812
1605153600,1605215812
1605153600,1605205997
1605153600,1605215812
1605153600,1605214265
1605153600,1605215812
1605153600,1605215812
1605153600,1605215812
1605153600,1605215812
1605153600,1605180880
1605153600,1605215812
1605153600,1605207323
1605153600,1605215812
1605153600,1605215812
1605067200,1605146827
1605153600,1605215812
1605153600,1605182778
1605153600,1605215812
1605153600,1605215812
1605153600,1605208003
1605153600,1605215811
1605153600,1605215811
1605153600,1605201712
1605153600,1605215811
1605153600,1605213843
1605153600,1605215811
1605153600,1605215811
1605153600,1605215811
1605153600,1605209090
1605153600,1605215811
1605153600,1605215811
1605153600,1605214116
1605153600,1605215811
1605153600,1605205376
1605153600,1605215811
1605153600,1605175090
1605153600,1605215811
1605153600,1605215811
1605153600,1605215811
1604808000,1604811200
1605153600,1605215811
1605153600,1605215810
1605153600,1605213852
1605153600,1605215810
1605153600,1605214998
1605153600,1605215810
1605153600,1605195356
1605153600,1605215810
1605153600,1605214116
1605153600,1605215810
1605153600,1605214616
1605153600,1605215810
1605153600,1605214506
1605153600,1605215810
1605153600,1605213163
1605153600,1605215810
1605153600,1605205319
1605153600,1605215810
1605153600,1605215810
1604894400,1604955611
1605153600,1605215810
1605153600,1605215810
1605153600,1605215810
1605153600,1605215810
1605153600,1605215810
1605153600,1605213980
1605153600,1605215810
1605153600,1605207601
1605153600,1605215809
1605153600,1605213843
1605153600,1605215809
1605153600,1605210516
1605153600,1605215809
1605153600,1605215809
1605153600,1605215809
1605153600,1605215809
1605153600,1605211127
1605153600,1605215809
1605153600,1605215809
1605153600,1605207662
1605153600,1605215809
1605153600,1605215809
1605153600,1605212044
1605153600,1605215809
1605153600,1605207662
1605153600,1605215809
1605153600,1605215809
1605153600,1605215508
1605153600,1605215809
1605153600,1605215799
1605153600,1605215808
1605153600,1605170530
1605153600,1605215808
1605153600,1605202216
1605153600,1605215808
1605153600,1605207683
1605153600,1605215808
1605153600,1605207749
1605153600,1605215808
1605153600,1605214609
1605153600,1605215808
1605153600,1605167185
1605153600,1605215808
1605153600,1605215808
1605153600,1605192579
1605153600,1605215808
1605153600,1605215808
1605153600,1605215808
1605153600,1605164409
1605153600,1605215808
1605153600,1605215808
1605153600,1605214116
1605153600,1605215808
1605153600,1605215807
1605153600,1605215647
1605153600,1605215807
1605153600,1605208663
1605153600,1605215807
1605153600,1605215807
1605153600,1605154930
1605153600,1605215807
1605153600,1605214735
1605153600,1605215807
1605153600,1605184922
1605153600,1605215807
1604289600,1604354616
1605153600,1605215806
1605153600,1605215806
1605153600,1605201872
1605153600,1605215806
1605153600,1605210304
1605153600,1605215806
1605153600,1605206934
1605153600,1605215806
1605153600,1605215806
1605153600,1605215806
1605153600,1605215806
1605153600,1605210691
1605153600,1605215806
1605153600,1605215806
1605153600,1605215806
1605153600,1605215805
1605153600,1605189542
1605153600,1605215805
1602126000,1602190163
1605153600,1605215805
1605153600,1605171668
1605153600,1605215805
1601953200,1602001258
1605153600,1605215805
1605153600,1605209191
1605153600,1605215805
1605153600,1605191704
1605153600,1605215805
1605067200,1605134440
1605153600,1605215805
1605153600,1605209319
1605153600,1605215805
1605153600,1605207057
1605153600,1605215805
1605153600,1605215805
1605153600,1605178042
1605153600,1605215804
1605153600,1605208650
1605153600,1605215804
1605153600,1605215804
1605153600,1605215804
1575172800,1575234530
1605153600,1605215804
1605153600,1605213663
1605153600,1605215804
1605153600,1605215804
1605153600,1605164401
1605153600,1605215804
1605153600,1605212743
1605153600,1605215804
1605153600,1605215804
1605153600,1605214525
1605153600,1605215804
1605153600,1605214802
1605153600,1605215804
1605153600,1605215804
1605153600,1605215720
1605153600,1605215804
1605153600,1605215803
1605153600,1605206797
1605153600,1605215803
1605153600,1605210897
1605153600,1605215803
1605153600,1605215803
1605153600,1605190416
1605153600,1605215803
1605153600,1605215307
1605153600,1605215803
1605153600,1605207662
1605153600,1605215803
1605153600,1605215803
1605153600,1605215803
1605153600,1605199234
1605153600,1605215803
1605153600,1605209047
1605153600,1605215803
1605153600,1605215803
1605153600,1605207662
1605153600,1605215803
1605153600,1605215802
1605153600,1605215802
1605153600,1605215802
1605153600,1605215802
1605153600,1605206760
1605153600,1605215802
1605153600,1605215802
1605153600,1605210955
1605153600,1605215802
1605153600,1605158652
1605153600,1605215801
1605153600,1605194294
1605153600,1605215801
1605153600,1605211955
1605153600,1605215801
1605153600,1605215801
1605153600,1605214116
1605153600,1605215801
1605153600,1605215801
1605153600,1605163202
1605153600,1605215801
1605153600,1605207788
1605153600,1605215801
1605067200,1605126918
1605153600,1605215801
1605153600,1605215801
1605153600,1605214116
1605153600,1605215801
1605153600,1605212097
1605153600,1605215800
1605153600,1605215800
1605153600,1605215800
1605153600,1605215800
1605153600,1605214512
1605153600,1605215800
1605153600,1605215800
1605153600,1605215481
1605153600,1605215800
1605153600,1605159206
1605153600,1605215800
1605153600,1605210516
1605153600,1605215800
1605153600,1605215800
1605153600,1605207662
1605153600,1605215799
1605153600,1605215799
1605153600,1605214889
1605153600,1605215799
1605067200,1605144384
1605153600,1605215799
1605153600,1605215799
1605067200,1605144384
1605153600,1605215799
1605153600,1605215799
1605153600,1605215799
1605153600,1605207601
1605153600,1605215799
1605153600,1605184922
1605153600,1605215799
1605153600,1605215799
1605153600,1605204107
1605153600,1605215799
1605153600,1605213588
1605153600,1605215798
1605153600,1605213955
1605153600,1605215798
1605153600,1605215798
1605153600,1605196005
1605153600,1605215798
1605153600,1605215798
1605153600,1605215798
1605153600,1605215798
1605153600,1605180839
1605153600,1605215798
1605153600,1605215797
1605067200,1605134440
1605153600,1605215797
1605153600,1605215797
1605153600,1605215099
1605153600,1605215797
1605153600,1605200006
1605153600,1605215797
1605153600,1605215797
1602644400,1602728994
1605153600,1605215797
1605153600,1605215797
1605153600,1605208663
1605153600,1605215797
1605153600,1605215437
1605153600,1605215797
1605153600,1605215797
1605067200,1605134440
1605153600,1605215796
1605153600,1605215796
1605153600,1605215796
1605153600,1605214980
1605153600,1605215796
1605153600,1605215796
1605153600,1605211127
1605153600,1605215796
1605153600,1605215795
1605153600,1605215795
1605153600,1605215587
1605153600,1605215795
1605153600,1605170721
1605153600,1605215795
1605153600,1605214701
1605153600,1605215795
1605153600,1605213908
1605153600,1605215795
1605153600,1605210885
1605153600,1605215795
1605153600,1605202720
1605153600,1605215795
1605153600,1605215795
1605153600,1605154930
1605153600,1605215795
1605153600,1605165466
1605153600,1605215795
1605153600,1605215795
1605153600,1605214219
1605153600,1605215795
1605153600,1605215795
1605153600,1605215713
1605153600,1605215795
1605153600,1605215795
1605153600,1605215794
1605153600,1605215794
1605153600,1605215794
1605153600,1605207601
1605153600,1605215794
1605153600,1605207662
1605153600,1605215794
1605153600,1605215794
1605067200,1605144984
1605153600,1605215794
1605153600,1605190791
1605153600,1605215794
1605153600,1605215793
1605153600,1605201712
1605153600,1605215793
1605153600,1605215793
1605153600,1605165841
1605153600,1605215793
1605153600,1605214122
1605153600,1605215793
1605153600,1605214584
1605153600,1605215793
1605153600,1605209016
1605153600,1605215793
1605153600,1605215792
1605153600,1605163202
1605153600,1605215792
1605153600,1605215792
1605153600,1605213551
1605153600,1605215792
1605153600,1605215216
1605153600,1605215792
1605153600,1605215792
1605153600,1605215792
1605153600,1605213523
1605153600,1605215792
1605153600,1605215792
1605153600,1605166725
1605153600,1605215792
1605153600,1605213843
1605153600,1605215791
1605153600,1605215791
1605153600,1605215042
1605153600,1605215791
1605153600,1605214116
1605153600,1605215791
1605153600,1605212928
1605153600,1605215791
1605153600,1605207601
1605153600,1605215791
1605153600,1605212573
1605153600,1605215791
1605153600,1605213980
1605153600,1605215791
1605153600,1605215437
1605153600,1605215791
1605153600,1605213450
1605153600,1605215791
1605153600,1605209191
1605153600,1605215790
1605153600,1605210957
1605153600,1605215790
1605153600,1605207630
1605153600,1605215790
1605153600,1605164401
1605153600,1605215790
1594782000,1594821132
1605153600,1605215790
1603940400,1603992274
1605153600,1605215790
1605153600,1605192409
1605153600,1605215790
1605153600,1605213843
1605153600,1605215790
1605067200,1605140328
1605153600,1605215790
1605153600,1605215790
1605153600,1605215789
1605153600,1605215789
1605153600,1605215789
1605153600,1605201712
1605153600,1605215789
1605153600,1605213641
1605153600,1605215789
1605153600,1605215789
1605153600,1605215789
1605153600,1605215789
1605153600,1605215789
1604376000,1604396981
1605153600,1605215788
1605153600,1605202474
1605153600,1605215788
1605153600,1605170783
1605153600,1605215788
1605153600,1605215788
1605153600,1605215483
1605153600,1605215788
1605153600,1605215788
1605153600,1605215788
1605153600,1605215788
1605153600,1605212242
1605153600,1605215788
1605153600,1605215788
1605153600,1605215657
1605153600,1605215787
1605153600,1605215787
1605153600,1605209009
1605153600,1605215787
1605153600,1605208636
1605153600,1605215787
1605153600,1605214249
1605153600,1605215787
1605153600,1605201712
1605153600,1605215787
1605153600,1605194132
1605153600,1605215787
1605153600,1605194256
1605153600,1605215787
1605067200,1605120318
1605153600,1605215787
1605153600,1605209845
1605153600,1605215786
1605153600,1605215786
1605153600,1605215786
1604548800,1604603587
1605153600,1605215786
1605153600,1605215284
1605153600,1605215786
1605153600,1605215009
1605153600,1605215786
1605067200,1605078215
1605153600,1605215786
1605153600,1605215786
1604808000,1604865248
1605153600,1605215786
1605153600,1605215786
1605153600,1605215786
1605153600,1605215786
1605153600,1605214800
1605153600,1605215786
1605153600,1605209470
1605153600,1605215786
1605153600,1605212665
1605153600,1605215786
1605153600,1605215280
1605153600,1605215786
1605153600,1605213235
1605153600,1605215785
1605067200,1605152869
1605153600,1605215785
1605153600,1605200194
1605153600,1605215785
1605153600,1605215785
1605153600,1605215785
1605153600,1605207788
1605153600,1605215785
1605153600,1605215785
1605153600,1605200106
1605153600,1605215785
1605153600,1605174801
1605153600,1605215785
1605153600,1605215785
1605153600,1605214116
1605153600,1605215785
1605153600,1605154930
1605153600,1605215784
1605153600,1605215784
1605153600,1605214116
1605153600,1605215784
1605153600,1605214837
1605153600,1605215784
1605153600,1605209267
1605153600,1605215784
1605153600,1605215784
1605153600,1605215784
1605153600,1605207788
1605153600,1605215784
1605153600,1605211469
1605153600,1605215784
1604980800,1605055996
1605153600,1605215784
1605153600,1605207505
1605153600,1605215784
1605153600,1605215784
1605153600,1605215784
1605153600,1605194892
1605153600,1605215784
1605153600,1605174843
1605153600,1605215783
1605153600,1605201712
1605153600,1605215783
1605153600,1605204580
1605153600,1605215783
1605153600,1605207601
1605153600,1605215783
1605153600,1605202211
1605153600,1605215783
1603940400,1603992282
1605153600,1605215783
1605153600,1605208650
1605153600,1605215783
1605153600,1605192274
1605153600,1605215783
1605153600,1605215783
1605153600,1605215783
1605153600,1605194294
1605153600,1605215782
1605153600,1605158312
1605153600,1605215782
1605153600,1605214116
1605153600,1605215782
1605153600,1605215782
1605153600,1605215782
1605153600,1605207601
1605153600,1605215782
1605153600,1605207601
1605153600,1605215782
1605153600,1605215782
1605153600,1605215491
1605153600,1605215782
1605153600,1605215782
1605153600,1605207662
1605153600,1605215782
1605153600,1605215174
1605153600,1605215782
1605153600,1605206797
1605153600,1605215782
1605153600,1605207662
1605153600,1605215782
1605153600,1605215782
1604808000,1604864793
1605153600,1605215781
1605153600,1605215781
1605153600,1605215781
1605153600,1605215781
1605153600,1605215781
1605153600,1605215781
1605153600,1605215781
1605153600,1605154386
1605153600,1605215781
1605153600,1605215781
1605153600,1605214980
1605153600,1605215781
1605153600,1605215781
1605153600,1605215781
1605153600,1605215781
1605153600,1605211203
1605153600,1605215781
1605153600,1605210853
1605153600,1605215781
1605153600,1605164401
1605153600,1605215780
1605153600,1605207601
1605153600,1605215780
1605153600,1605215780
1605153600,1605215780
1605153600,1605215780
1605153600,1605215780
1605153600,1605215780
1605153600,1605215780
1605153600,1605215491
1605153600,1605215780
1605153600,1605213843
1605153600,1605215780
1605153600,1605215780
1605153600,1605210955
1605153600,1605215780
1605067200,1605096518
1605153600,1605215779
1605153600,1605215779
1605153600,1605207601
1605153600,1605215779
1605153600,1605215779
1605153600,1605215779
1604980800,1605052473
1605153600,1605215779
1605153600,1605215779
1605153600,1605215778
1605153600,1605215778
1605153600,1605215778
1605067200,1605144350
1605153600,1605215778
1605153600,1605211818
1605153600,1605215778
1605153600,1605154386
1605153600,1605215778
1605153600,1605154930
1605153600,1605215778
1605153600,1605215778
1605067200,1605078000
1605153600,1605215778
1605153600,1605196005
1605153600,1605215778
1605153600,1605209460
1605153600,1605215778
1605153600,1605206760
1605153600,1605215778
1605153600,1605207601
1605153600,1605215778
1605153600,1605215777
1605153600,1605214802
1605153600,1605215777
1605153600,1605195020
1605153600,1605215777
1605153600,1605194132
1605153600,1605215777
1605153600,1605214154
1605153600,1605215777
1605153600,1605215777
1605153600,1605209600
1605153600,1605215777
1605153600,1605215777
1605153600,1605215777
1605153600,1605215777
1605067200,1605132902
1605153600,1605215777
1605067200,1605138072
1605153600,1605215776
1605153600,1605215283
1605153600,1605215776
1605153600,1605215776
1605153600,1605215776
1605153600,1605215776
1605153600,1605215776
1605067200,1605134440
1605153600,1605215776
1605153600,1605215775
1605153600,1605215288
1605153600,1605215775
1605153600,1605215643
1605153600,1605215775
1605153600,1605215775
1605153600,1605207749
1605153600,1605215775
1605153600,1605215775
1605153600,1605184922
1605153600,1605215775
1605153600,1605215775
1605153600,1605215775
1605153600,1605215775
1605153600,1605207601
1605153600,1605215775
1605153600,1605215775
1605153600,1605215775
1605153600,1605211127
1605153600,1605215774
1605153600,1605215774
1605153600,1605215774
1605153600,1605189600
1605153600,1605215774
1605153600,1605211648
1605153600,1605215774
1604026800,1604093087
1605153600,1605215774
1604894400,1604900653
1605153600,1605215774
1605153600,1605207381
1605153600,1605215774
1605153600,1605215774
1605153600,1605167034
1605153600,1605215774
1605153600,1605215773
1605153600,1605215642
1605153600,1605215773
1605153600,1605215773
1605153600,1605215773
1605153600,1605215773
1605153600,1605215773
1604980800,1605041439
1605153600,1605215773
1605153600,1605207601
1605153600,1605215773
1605153600,1605203175
1605153600,1605215773
1605153600,1605164401
1605153600,1605215773
1605153600,1605207788
1605153600,1605215772
1605153600,1605202226
1605153600,1605215772
1605153600,1605154930
1605153600,1605215772
1605153600,1605209796
1605153600,1605215772
1605153600,1605215772
1605153600,1605207612
1605153600,1605215772
1601089200,1601155867
1605153600,1605215772
1605153600,1605210304
1605153600,1605215772
1605153600,1605214116
1605153600,1605215772
1605153600,1605166828
1605153600,1605215772
1605153600,1605215772
1605153600,1605194964
1605153600,1605215771
1605153600,1605215771
1605153600,1605194892
1605153600,1605215771
1605153600,1605215771
1605153600,1605207662
1605153600,1605215771
1605153600,1605205118
1605153600,1605215771
1604199600,1604244365
1605153600,1605215771
1605153600,1605214116
1605153600,1605215771
1605067200,1605092416
1605153600,1605215771
1605153600,1605215771
1605153600,1605215771
1605153600,1605207505
1605153600,1605215770
1605153600,1605215770
1605067200,1605143160
1605153600,1605215770
1605153600,1605209285
1605153600,1605215770
1605153600,1605215770
1605153600,1605213466
1605153600,1605215770
1605153600,1605201131
1605153600,1605215770
1605153600,1605215770
1604462400,1604518402
1605153600,1605215769
1604894400,1604968168
1605153600,1605215769
1605153600,1605212553
1605153600,1605215769
1605153600,1605215769
1605153600,1605194132
1605153600,1605215769
1605153600,1605163202
1605153600,1605215769
1605067200,1605083877
1605153600,1605215769
1605153600,1605215769
1605153600,1605215353
1605153600,1605215769
1605153600,1605215769
1605153600,1605215769
1605153600,1605212495
1605153600,1605215769
1605067200,1605139292
1605153600,1605215769
1605067200,1605135774
1605153600,1605215768
1573531200,1573601399
1605153600,1605215768
1605153600,1605215768
1605153600,1605215768
1605153600,1605214116
1605153600,1605215768
1605153600,1605215768
1605153600,1605215768
1605153600,1605207662
1605153600,1605215768
1605153600,1605207662
1605153600,1605215768
1605153600,1605215767
1605153600,1605215437
1605153600,1605215767
1605153600,1605207662
1605153600,1605215767
1605153600,1605215767
1605153600,1605207605
1605153600,1605215767
1604199600,1604274731
1605153600,1605215767
1605153600,1605215767
1605153600,1605215767
1605153600,1605208667
1605153600,1605215767
1605153600,1605215766
1605153600,1605215766
1605153600,1605215766
1605153600,1605215766
1605067200,1605145496
1605153600,1605215766
1605153600,1605215766
1605153600,1605214367
1605153600,1605215766
1605153600,1605215766
1604980800,1605034561
1605153600,1605215766
1605153600,1605214935
1605153600,1605215766
1605153600,1605215657
1605153600,1605215766
1605153600,1605215120
1605153600,1605215766
1605153600,1605215766
1605153600,1605215766
1605153600,1605215766
1605153600,1605214047
1605153600,1605215766
1605153600,1605212909
1605153600,1605215766
1605153600,1605192001
1605153600,1605215766
1605153600,1605208241
1605153600,1605215766
1605153600,1605215765
1605153600,1605211203
1605153600,1605215765
1605153600,1605184922
1605153600,1605215765
1605153600,1605202886
1605153600,1605215765
1604289600,1604332802
1605153600,1605215765
1605153600,1605210691
1605153600,1605215765
1605153600,1605215765
1605153600,1605215190
1605153600,1605215765
1605153600,1605215765
1605153600,1605215765
1605153600,1605215764
1605153600,1605211151
1605153600,1605215764
1605153600,1605215764
1605153600,1605215764
1605153600,1605215764
1605153600,1605215764
1605153600,1605215764
1605153600,1605215491
1605153600,1605215764
1605153600,1605214116
1605153600,1605215764
1605153600,1605203362
1605153600,1605215764
1605153600,1605205997
1605153600,1605215764
1605153600,1605194132
1605153600,1605215764
1605153600,1605215764
1605153600,1605215764
1605153600,1605215764
1605153600,1605215764
1605153600,1605209856
1605153600,1605215763
1605153600,1605215763
1605153600,1605215763
1605153600,1605215763
1605153600,1605215280
1605153600,1605215763
1605153600,1605166725
1605153600,1605215763
1590548400,1590603521
1605153600,1605215763
1605153600,1605214680
1605153600,1605215763
1605067200,1605151714
1605153600,1605215763
1605153600,1605215763
1604980800,1604991600
1605153600,1605215763
1605153600,1605194132
1605153600,1605215763
1605153600,1605215762
1605153600,1605215514
1605153600,1605215762
1605153600,1605195190
1605153600,1605215762
1605153600,1605215762
1605153600,1605215761
1605153600,1605215761
1605153600,1605214734
1605153600,1605215761
1605153600,1605215761
1605153600,1605214116
1605153600,1605215761
1605153600,1605215761
1605153600,1605187134
1605153600,1605215761
1605153600,1605209191
1605153600,1605215761
1605153600,1605183682
1605153600,1605215761
1605153600,1605215761
1605153600,1605215588
1605153600,1605215761
1605153600,1605215761
1605153600,1605215761
1605153600,1605215761
1605067200,1605147533
1605153600,1605215761
1605153600,1605207601
1605153600,1605215760
1605153600,1605215760
1605153600,1605198637
1605153600,1605215760
1605153600,1605190339
1605153600,1605215760
1605153600,1605215760
1605153600,1605215760
1605153600,1605213066
1605153600,1605215760
1605153600,1605207602
1605153600,1605215760
1605153600,1605214116
1605153600,1605215760
1605153600,1605207275
1605153600,1605215760
1605153600,1605209191
1605153600,1605215760
1605153600,1605207473
1605153600,1605215760
1605153600,1605215760
1605153600,1605213028
1605153600,1605215760
1605153600,1605215760
1605153600,1605175407
1605153600,1605215760
1605153600,1605215760
1605153600,1605204340
1605153600,1605215760
1605153600,1605215759
1605153600,1605214558
1605153600,1605215759
1604548800,1604614936
1605153600,1605215759
1605153600,1605213945
1605153600,1605215759
1605153600,1605215759
1605153600,1605184807
1605153600,1605215759
1605153600,1605205440
1605153600,1605215759
1605153600,1605214116
1605153600,1605215759
1605153600,1605215759
1605153600,1605215759
1605153600,1605214116
1605153600,1605215758
1605153600,1605214116
1605153600,1605215758
1605153600,1605215426
1605153600,1605215758
1605067200,1605120616
1605153600,1605215758
1605153600,1605215758
1605153600,1605214525
1605153600,1605215758
1605153600,1605215758
1605153600,1605201712
1605153600,1605215758
1605153600,1605212665
1605153600,1605215758
1605153600,1605215758
1605153600,1605215757
1605153600,1605201449
1605153600,1605215757
1605153600,1605201712
1605153600,1605215757
1605153600,1605214735
1605153600,1605215757
1605153600,1605215756
1605153600,1605215757
1605153600,1605184922
1605153600,1605215757
1605153600,1605215757
1605153600,1605215757
1605153600,1605215757
1605153600,1605215491
1605153600,1605215757
1605153600,1605215757
1605067200,1605134440
1605153600,1605215757
1605067200,1605144984
1605153600,1605215757
1605153600,1605209267
1605153600,1605215757
1605067200,1605149955
1605153600,1605215757
1605153600,1605215756
1605153600,1605201712
1605153600,1605215756
1605153600,1605215756
1605153600,1605215756
1605153600,1605215715
1605153600,1605215756
1605153600,1605215756
1605153600,1605215756
1605153600,1605210691
1605153600,1605215756
1605067200,1605134440
1605153600,1605215756
1605153600,1605173737
1605153600,1605215756
1605153600,1605215280
1605153600,1605215756
1605153600,1605201857
1605153600,1605215756
1605153600,1605215756
1605153600,1605215756
1605153600,1605183693
1605153600,1605215756
1605153600,1605215755
1605153600,1605215755
1605153600,1605215755
1605153600,1605215755
1605153600,1605215755
1605153600,1605215755
1605153600,1605215755
1605153600,1605215755
1605153600,1605213843
1605153600,1605215755
1604808000,1604876406
1605153600,1605215755
1605153600,1605215755
1605067200,1605128737
1605153600,1605215755
1605153600,1605198030
1605153600,1605215755
1605153600,1605215754
1605153600,1605215754
1605153600,1605215754
1605153600,1605215754
1605153600,1605154520
1605153600,1605215754
1605153600,1605174321
1605153600,1605215754
1601175600,1601237984
1605153600,1605215754
1605153600,1605214800
1605153600,1605215753
1605153600,1605215753
1605153600,1605215753
1605153600,1605215753
1605153600,1605208800
1605153600,1605215753
1605067200,1605117361
1605153600,1605215753
1605153600,1605196005
1605153600,1605215753
1605153600,1605214408
1605153600,1605215753
1605153600,1605209191
1605153600,1605215753
1605153600,1605215753
1605153600,1605214980
1605153600,1605215753
1605153600,1605215753
1605153600,1605215642
1605153600,1605215753
1605153600,1605215753
1605153600,1605206605
1605153600,1605215753
1605153600,1605214116
1605153600,1605215753
1605153600,1605214772
1605153600,1605215753
1605153600,1605211737
1605153600,1605215753
1605153600,1605215753
1605153600,1605175090
1605153600,1605215752
1605153600,1605215752
1605153600,1605213405
1605153600,1605215752
1605153600,1605215752
1605153600,1605215752
1605153600,1605212980
1605153600,1605215752
1605153600,1605215752
1605153600,1605207662
1605153600,1605215752
1605153600,1605215751
1605153600,1605208276
1605153600,1605215751
1605153600,1605215739
1605153600,1605215751
1605153600,1605209191
1605153600,1605215751
1605153600,1605207662
1605153600,1605215751
1605153600,1605215497
1605153600,1605215751
1605153600,1605163202
1605153600,1605215751
1605153600,1605215751
1605153600,1605215751
1605153600,1605214116
1605153600,1605215750
1605153600,1605194294
1605153600,1605215750
1605153600,1605207662
1605153600,1605215750
1605153600,1605215716
1605153600,1605215750
1605153600,1605215008
1605153600,1605215750
1605153600,1605212909
1605153600,1605215750
1605153600,1605209267
1605153600,1605215750
1605153600,1605215280
1605153600,1605215750
1605153600,1605215750
1605153600,1605214116
1605153600,1605215750
1605153600,1605215175
1605153600,1605215750
1605153600,1605215174
1605153600,1605215750
1605153600,1605215258
1605153600,1605215750
1605153600,1605209636
1605153600,1605215750
1605153600,1605155244
1605153600,1605215749
1605153600,1605214560
1605153600,1605215749
1605153600,1605215299
1605153600,1605215749
1605153600,1605163426
1605153600,1605215749
1605153600,1605215307
1605153600,1605215749
1605153600,1605215491
1605153600,1605215749
1605153600,1605214754
1605153600,1605215749
1605153600,1605215749
1605153600,1605215748
1605153600,1605206760
1605153600,1605215748
1605153600,1605184922
1605153600,1605215748
1605153600,1605207601
1605153600,1605215748
1605153600,1605215481
1605153600,1605215748
1604894400,1604957423
1605153600,1605215748
1605153600,1605215748
1605153600,1605215748
1605153600,1605206200
1605153600,1605215748
1605153600,1605215748
1605153600,1605215748
1605153600,1605215748
1605153600,1605214424
1605153600,1605215748
1605153600,1605215340
1605153600,1605215748
1605153600,1605166725
1605153600,1605215748
1605153600,1605196674
1605153600,1605215748
1605153600,1605215748
1605153600,1605214116
1605153600,1605215748
1605153600,1605215747
1605153600,1605215747
1605153600,1605214116
1605153600,1605215747
1605153600,1605211245
1605153600,1605215747
1605153600,1605215747
1605153600,1605194892
1605153600,1605215747
1605153600,1605215747
1605153600,1605215747
1605153600,1605198177
1605153600,1605215746
1605153600,1605215746
1605153600,1605215746
1605153600,1605214581
1605153600,1605215746
1605153600,1605215746
1605153600,1605215746
1605153600,1605215746
1605153600,1605200194
1605153600,1605215746
1602730800,1602786814
1605153600,1605215746
1605153600,1605192001
1605153600,1605215745
1605153600,1605180839
1605153600,1605215745
1604980800,1605041621
1605153600,1605215745
1605153600,1605215745
1605153600,1605215497
1605153600,1605215745
1605153600,1605215745
1605153600,1605215745
1605153600,1605193261
1605153600,1605215745
1605153600,1605215654
1605153600,1605215745
1605153600,1605207662
1605153600,1605215745
1605153600,1605215745
1605153600,1605215109
1605153600,1605215745
1605153600,1605215745
1605153600,1605209191
1605153600,1605215744
1605153600,1605211004
1605153600,1605215744
1605153600,1605215582
1605153600,1605215744
1605153600,1605215744
1605153600,1605215744
1605153600,1605215416
1605153600,1605215744
1605153600,1605207601
1605153600,1605215744
1603767600,1603833243
1605153600,1605215744
1605153600,1605215744
1605153600,1605209600
1605153600,1605215744
1605067200,1605127272
1605153600,1605215744
1605153600,1605170610
1605153600,1605215743
1605153600,1605212980
1605153600,1605215743
1605153600,1605201368
1605153600,1605215743
1605067200,1605144384
1605153600,1605215743
1605153600,1605215743
1605153600,1605172506
1605153600,1605215743
1605153600,1605215743
1605153600,1605215743
1605153600,1605215743
1605153600,1605209191
1605153600,1605215743
1605153600,1605214116
1605153600,1605215743
1605153600,1605214843
1605153600,1605215743
1605153600,1605215742
1605153600,1605208636
1605153600,1605215742
1605153600,1605215742
1604980800,1605060960
1605153600,1605215742
1605153600,1605214980
1605153600,1605215742
1605153600,1605214644
1605153600,1605215742
1605153600,1605215562
1605153600,1605215742
1605153600,1605215303
1605153600,1605215742
1605153600,1605213232
1605153600,1605215742
1605153600,1605215742
1605153600,1605183682
1605153600,1605215742
1605153600,1605215658
1605153600,1605215742
1605067200,1605134440
1605153600,1605215741
1605153600,1605215175
1605153600,1605215741
1605153600,1605211568
1605153600,1605215741
1605153600,1605215741
1605153600,1605193300
1605153600,1605215741
1605153600,1605215741
1605153600,1605211568
1605153600,1605215741
1605153600,1605214601
1605153600,1605215741
1605153600,1605215741
1605153600,1605215741
1605153600,1605212579
1605153600,1605215741
1605153600,1605207601
1605153600,1605215741
1605153600,1605215740
1577505600,1577519387
1605153600,1605215740
1605067200,1605151240
1605153600,1605215740
1605153600,1605213239
1605153600,1605215740
1605153600,1605214116
1605153600,1605215740
1605153600,1605215740
1604980800,1605052354
1605153600,1605215740
1605153600,1605215740
1605153600,1605208646
1605153600,1605215740
1605153600,1605215740
1605153600,1605215740
1605153600,1605215665
1605153600,1605215740
1605153600,1605201896
1605153600,1605215740
1605153600,1605209191
1605153600,1605215739
1605153600,1605214980
1605153600,1605215739
1605153600,1605215739
1605153600,1605214701
1605153600,1605215739
1605067200,1605150062
1605153600,1605215739
1605153600,1605215713
1605153600,1605215739
1605153600,1605192001
1605153600,1605215739
1605153600,1605215739
1605153600,1605215739
1605153600,1605207662
1605153600,1605215739
1605153600,1605215739
1605153600,1605201097
1605153600,1605215739
1605153600,1605215738
1605153600,1605215738
1605153600,1605215738
1605153600,1605215738
1605153600,1605176940
1605153600,1605215738
1605153600,1605212385
1605153600,1605215738
1605153600,1605215318
1605153600,1605215738
1605153600,1605215738
1605153600,1605215738
1605153600,1605213066
1605153600,1605215738
1605153600,1605210957
1605153600,1605215738
1605153600,1605213084
1605153600,1605215738
1605153600,1605214116
1605153600,1605215738
1605153600,1605215737
1605153600,1605207601
1605153600,1605215737
1605153600,1605194082
1605153600,1605215737
1605153600,1605211127
1605153600,1605215737
1605067200,1605134440
1605153600,1605215737
1605153600,1605215028
1605153600,1605215737
1605153600,1605171085
1605153600,1605215737
1605153600,1605207749
1605153600,1605215737
1605153600,1605215737
1605067200,1605134704
1605153600,1605215736
1605153600,1605215491
1605153600,1605215736
1605153600,1605215736
1605153600,1605215009
1605153600,1605215736
1605153600,1605209848
1605153600,1605215736
1605153600,1605207601
1605153600,1605215736
1605153600,1605215736
1605153600,1605155561
1605153600,1605215735
1605153600,1605215735
1605153600,1605214116
1605153600,1605215735
1605153600,1605215735
1605153600,1605165963
1605153600,1605215735
1605153600,1605215735
1605153600,1605215735
1605153600,1605211130
1605153600,1605215735
1605153600,1605205238
1605153600,1605215735
1605153600,1605167872
1605153600,1605215735
1605153600,1605215735
1605153600,1605209827
1605153600,1605215735
1605153600,1605209893
1605153600,1605215735
1605153600,1605215735
1605153600,1605163202
1605153600,1605215735
1605153600,1605196360
1605153600,1605215735
1605153600,1605215735
1605153600,1605206122
1605153600,1605215735
1605153600,1605215735
1605153600,1605214493
1605153600,1605215735
1605153600,1605194132
1605153600,1605215735
1605153600,1605214116
1605153600,1605215734
1605153600,1605209191
1605153600,1605215734
1605153600,1605215734
1605153600,1605215280
1605153600,1605215734
1605153600,1605215734
1605153600,1605207662
1605153600,1605215734
1605153600,1605209845
1605153600,1605215734
1605153600,1605215734
1605153600,1605215049
1605153600,1605215734
1605153600,1605207662
1605153600,1605215734
1605153600,1605215216
1605153600,1605215734
1605153600,1605207601
1605153600,1605215734
1605153600,1605215734
1605153600,1605215734
1605153600,1605215734
1605153600,1605215733
1605153600,1605213843
1605153600,1605215733
1605153600,1605207690
1605153600,1605215733
1605153600,1605209047
1605153600,1605215733
1605153600,1605183682
1605153600,1605215733
1605153600,1605215733
1605153600,1605209965
1605153600,1605215733
1605153600,1605213843
1605153600,1605215733
1605153600,1605215264
1605153600,1605215733
1605153600,1605170783
1605153600,1605215733
1605153600,1605210607
1605153600,1605215733
1605153600,1605215733
1605153600,1605215733
1605153600,1605209191
1605153600,1605215732
1605153600,1605213428
1605153600,1605215732
1605153600,1605215732
1605153600,1605189542
1605153600,1605215732
1605153600,1605215732
1605153600,1605169800
1605153600,1605215732
1605153600,1605160322
1605153600,1605215732
1605153600,1605207900
1605153600,1605215732
1605067200,1605120318
1605153600,1605215732
1605153600,1605215732
1605153600,1605215732
1605153600,1605210691
1605153600,1605215732
1605153600,1605215731
1605153600,1605203323
1605153600,1605215731
1605153600,1605215731
1605153600,1605212735
1605153600,1605215731
1605153600,1605215731
1605153600,1605172518
1605153600,1605215731
1605153600,1605215731
1605153600,1605215731
1605153600,1605164447
1605153600,1605215731
1605153600,1605213989
1605153600,1605215731
1605153600,1605215731
1605153600,1605214818
1605153600,1605215731
1605153600,1605209735
1605153600,1605215731
1605153600,1605210340
1605153600,1605215730
1605153600,1605215730
1605153600,1605215730
1605153600,1605214116
1605153600,1605215730
1605153600,1605215340
1605153600,1605215730
1605153600,1605214116
1605153600,1605215730
1605153600,1605215730
1605153600,1605207601
1605153600,1605215730
1605153600,1605210001
1605153600,1605215730
1604808000,1604856780
1605153600,1605215730
1605153600,1605215730
1605153600,1605201712
1605153600,1605215730
1605153600,1605213843
1605153600,1605215729
1605153600,1605215729
1605153600,1605215729
1605153600,1605215729
1605153600,1605200691
1605153600,1605215729
1605153600,1605215729
1605153600,1605207601
1605153600,1605215729
1605153600,1605215729
1605153600,1605154366
1605153600,1605215729
1605067200,1605149015
1605153600,1605215729
1605153600,1605210141
1605153600,1605215729
1605153600,1605215729
1605153600,1605184922
1605153600,1605215728
1605153600,1605209047
1605153600,1605215728
1605153600,1605202737
1605153600,1605215728
1605153600,1605215728
1605153600,1605215728
1605153600,1605214595
1605153600,1605215728
1605153600,1605214506
1605153600,1605215728
1605153600,1605215728
1605153600,1605215728
1605153600,1605214980
1605153600,1605215727
1605153600,1605215727
1605153600,1605175619
1605153600,1605215727
1605153600,1605215727
1605153600,1605215727
1605153600,1605209644
1605153600,1605215727
1605153600,1605215727
1605153600,1605215727
1605153600,1605213843
1605153600,1605215727
1605153600,1605207662
1605153600,1605215727
1605153600,1605215727
1604894400,1604955611
1605153600,1605215727
1604980800,1604994840
1605153600,1605215726
1605153600,1605215726
1605067200,1605149136
1605153600,1605215726
1605067200,1605087993
1605153600,1605215726
1605153600,1605214983
1605153600,1605215726
1605153600,1605194132
1605153600,1605215726
1605153600,1605190132
1605153600,1605215726
1605153600,1605214805
1605153600,1605215725
1605153600,1605215725
1605153600,1605215725
1605153600,1605214116
1605153600,1605215725
1605153600,1605207662
1605153600,1605215725
1605153600,1605215725
1605067200,1605152835
1605153600,1605215725
1605067200,1605128249
1605153600,1605215725
1605153600,1605215725
1605153600,1605215264
1605153600,1605215725
1605067200,1605146242
1605153600,1605215724
1605153600,1605215724
1605153600,1605215724
1605153600,1605215724
1605153600,1605207902
1605153600,1605215724
1605153600,1605210901
1605153600,1605215724
1605153600,1605207532
1605153600,1605215724
1605153600,1605215723
1605153600,1605215723
1605153600,1605215723
1605153600,1605154930
1605153600,1605215723
1605153600,1605154930
1605153600,1605215723
1605153600,1605215491
1605153600,1605215723
1605153600,1605215723
1605153600,1605215723
1605153600,1605215723
1605153600,1605210691
1605153600,1605215723
1605153600,1605215723
1604980800,1604991066
1605153600,1605215723
1605153600,1605196198
1605153600,1605215723
1605153600,1605205118
1605153600,1605215723
1605153600,1605200968
1605153600,1605215723
1605153600,1605208002
1605153600,1605215723
1605153600,1605215722
1605153600,1605215722
1605153600,1605215722
1605153600,1605194132
1605153600,1605215722
1605067200,1605067481
1605153600,1605215722
1605153600,1605211508
1605153600,1605215722
1605153600,1605215722
1605153600,1605215722
1605153600,1605159213
1605153600,1605215722
1604199600,1604235305
1605153600,1605215722
1605153600,1605207662
1605153600,1605215722
1605153600,1605208646
1605153600,1605215721
1605153600,1605212262
1605153600,1605215721
1605153600,1605215721
1605153600,1605215686
1605153600,1605215721
1605153600,1605207749
1605153600,1605215721
1605153600,1605215721
1605153600,1605198177
1605153600,1605215721
1605153600,1605215721
1605153600,1605215721
1605153600,1605215721
1605153600,1605215720
1605153600,1605214994
1605153600,1605215720
1605153600,1605215720
1605153600,1605214221
1605153600,1605215720
1605153600,1605206217
1605153600,1605215720
1605153600,1605215720
1605153600,1605215720
1605153600,1605163202
1605153600,1605215720
1605153600,1605213980
1605153600,1605215720
1605153600,1605215720
1605153600,1605215720
1605153600,1605215720
1605153600,1605215720
1605153600,1605215720
1605067200,1605119586
1605153600,1605215720
1605153600,1605214116
1605153600,1605215720
1605153600,1605215719
1605153600,1605168240
1605153600,1605215719
1605153600,1605198182
1605153600,1605215719
1605153600,1605191319
1605153600,1605215719
1605153600,1605205493
1605153600,1605215719
1605153600,1605204675
1605153600,1605215719
1605153600,1605215719
1605153600,1605215719
1605153600,1605215719
1605153600,1605215719
1605153600,1605215481
1605153600,1605215719
1605153600,1605215719
1605153600,1605215719
1605153600,1605215719
1605153600,1605210304
1605153600,1605215719
1605153600,1605209876
1605153600,1605215718
1605153600,1605212696
1605153600,1605215718
1605153600,1605215718
1605153600,1605215131
1605153600,1605215718
1605153600,1605215718
1605153600,1605215718
1605153600,1605207662
1605153600,1605215718
1605153600,1605215718
1605153600,1605215718
1605153600,1605215718
1605153600,1605214116
1605153600,1605215718
1605153600,1605215718
1605153600,1605203085
1605153600,1605215718
1605153600,1605215718
1605153600,1605198372
1605153600,1605215717
1605153600,1605215717
1605067200,1605131036
1605153600,1605215717
1605153600,1605215717
1604980800,1605048183
1605153600,1605215717
1605153600,1605215717
1605067200,1605135155
1605153600,1605215717
1605153600,1605214874
1605153600,1605215717
1605153600,1605199257
1605153600,1605215717
1605153600,1605215716
1605153600,1605215716
1605153600,1605214980
1605153600,1605215716
1605153600,1605215716
1605153600,1605194400
1605153600,1605215716
1605153600,1605215716
1605153600,1605215716
1605067200,1605151714
1605153600,1605215716
1605153600,1605215716
1605153600,1605215716
1605153600,1605215716
1605153600,1605195020
1605153600,1605215716
1605067200,1605151714
1605153600,1605215715
1605153600,1605207601
1605153600,1605215715
1605153600,1605215689
1605153600,1605215715
1605067200,1605106422
1605153600,1605215715
1605153600,1605215715
1605153600,1605154930
1605153600,1605215715
1605153600,1605215715
1605153600,1605215715
1605067200,1605149923
1605153600,1605215715
1605153600,1605213980
1605153600,1605215715
1605153600,1605215715
1605153600,1605215715
1605153600,1605215715
1605153600,1605181726
1605153600,1605215715
1605153600,1605214676
1605153600,1605215715
1605153600,1605215715
1605153600,1605215715
1605153600,1605208203
1605153600,1605215715
1605153600,1605164401
1605153600,1605215715
1605153600,1605215625
1605153600,1605215714
1605153600,1605215710
1605153600,1605215714
1605153600,1605215714
1605067200,1605151714
1605153600,1605215714
1605153600,1605215714
1605153600,1605215714
1605153600,1605214116
1605153600,1605215714
1605153600,1605215714
1605153600,1605215668
1605153600,1605215714
1605153600,1605215714
1605153600,1605213302
1605153600,1605215714
1605153600,1605215135
1605153600,1605215714
1605153600,1605212201
1605153600,1605215714
1605153600,1605207601
1605153600,1605215713
1605153600,1605215713
1605153600,1605215713
1605153600,1605215713
1605153600,1605215713
1605153600,1605204361
1605153600,1605215713
1605153600,1605215713
1605153600,1605215713
1605153600,1605213722
1605153600,1605215713
1605153600,1605215713
1605153600,1605215713
1605153600,1605154930
1605153600,1605215712
1605153600,1605213086
1605153600,1605215712
1605153600,1605193300
1605153600,1605215712
1605153600,1605215712
1605153600,1605215712
1605153600,1605215712
1605153600,1605215712
1605153600,1605209047
1605153600,1605215712
1605153600,1605215169
1605153600,1605215712
1605153600,1605210304
1605153600,1605215712
1605153600,1605214931
1605153600,1605215712
1605153600,1605215712
1605153600,1605215711
1605153600,1605215711
1605153600,1605215711
1605153600,1605209799
1605153600,1605215711
1605153600,1605215711
1605153600,1605215711
1605153600,1605215711
1605153600,1605215617
1605153600,1605215711
1605153600,1605215711
1605153600,1605215711
1605153600,1605215711
1605153600,1605215711
1605153600,1605215711
1605153600,1605215711
1605153600,1605213843
1605153600,1605215710
1605153600,1605167185
1605153600,1605215710
1605153600,1605215151
1605153600,1605215710
1604980800,1605060960
1605153600,1605215710
1605153600,1605215710
1604980800,1605028805
1605153600,1605215710
1605153600,1605215705
1605153600,1605215710
1605153600,1605215710
1605153600,1605214980
1605153600,1605215710
1605153600,1605215710
1605153600,1605205376
1605153600,1605215710
1605153600,1605215710
1605153600,1605214116
1605153600,1605215710
1605153600,1605213980
1605153600,1605215710
1605153600,1605215710
1605153600,1605215709
1605153600,1605213660
1605153600,1605215709
1605153600,1605215709
1605153600,1605215709
1605153600,1605215709
1604808000,1604882289
1605153600,1605215709
1605153600,1605214116
1605153600,1605215709
1605153600,1605206849
1605153600,1605215709
1605153600,1605213980
1605153600,1605215709
1604980800,1605049500
1605153600,1605215709
1605153600,1605206107
1605153600,1605215709
1605153600,1605201663
1605153600,1605215709
1605153600,1605214980
1605153600,1605215709
1605153600,1605215708
1604894400,1604955611
1605153600,1605215708
1605153600,1605203433
1605153600,1605215708
1605153600,1605196005
1605153600,1605215708
1605153600,1605215708
1605153600,1605215708
1605153600,1605215708
1605153600,1605207601
1605153600,1605215708
1605153600,1605215708
1605153600,1605215708
1605153600,1605215708
1605153600,1605215708
1605153600,1605215707
1605153600,1605215707
1605153600,1605208696
1605153600,1605215707
1605153600,1605215707
1605153600,1605193261
1605153600,1605215707
1605153600,1605215707
1605153600,1605211127
1605153600,1605215707
1593140400,1593225147
1605153600,1605215707
1605153600,1605202129
1605153600,1605215707
1605153600,1605215707
1605153600,1605215707
1605153600,1605215707
1605153600,1605215707
1553828400,1553913402
1605153600,1605215707
1605153600,1605207601
1605153600,1605215707
1605153600,1605215706
1605153600,1605215706
1605067200,1605134440
1605153600,1605215706
1605153600,1605215706
1605153600,1605215706
1605153600,1605215706
1605153600,1605215706
1605153600,1605212840
1605153600,1605215706
1597201200,1597247362
1605153600,1605215706
1605153600,1605215706
1603508400,1603534563
1605153600,1605215706
1605153600,1605214931
1605153600,1605215706
1605153600,1605215706
1605153600,1605215706
1605153600,1605215706
1605153600,1605215706
1605153600,1605215706
1605153600,1605210957
1605153600,1605215706
1605153600,1605215705
1605153600,1605154930
1605153600,1605215705
1605153600,1605215705
1605153600,1605204545
1605153600,1605215705
1605153600,1605215705
1605153600,1605215705
1605153600,1605215705
1605153600,1605214643
1605153600,1605215705
1605153600,1605215705
1605153600,1605215705
1604376000,1604435108
1605153600,1605215705
1605153600,1605215705
1605153600,1605215705
1605153600,1605215705
1605153600,1605215705
1605153600,1605213955
1605153600,1605215705
1605153600,1605207601
1605153600,1605215704
1605153600,1605215704
1605153600,1605215704
1605153600,1605154930
1605153600,1605215704
1605153600,1605215704
1605153600,1605215704
1605153600,1605214116
1605153600,1605215704
1605153600,1605215594
1605153600,1605215704
1605153600,1605215704
1605153600,1605215704
1605153600,1605215704
1605153600,1605215704
1605067200,1605149684
1605153600,1605215704
1605153600,1605215704
1605153600,1605215704
1605153600,1605214845
1605153600,1605215704
1605153600,1605215704
1605153600,1605215703
1605153600,1605207601
1605153600,1605215703
1605153600,1605167185
1605153600,1605215703
1605153600,1605154930
1605153600,1605215703
1605153600,1605177993
1605153600,1605215703
1605153600,1605215703
1605067200,1605135274
1605153600,1605215703
1605153600,1605196999
1605153600,1605215703
1605153600,1605215703
1605067200,1605152316
1605153600,1605215703
1605153600,1605215591
1605153600,1605215703
1605153600,1605215703
1605153600,1605215703
1605153600,1605215703
1605153600,1605215702
1605153600,1605184922
1605153600,1605215702
1605153600,1605215702
1605153600,1605215702
1605153600,1605207601
1605153600,1605215702
1605153600,1605215702
1605153600,1605215702
1605153600,1605211741
1605153600,1605215702
1605153600,1605215702
1605153600,1605215702
1605153600,1605215491
1605153600,1605215702
1605153600,1605209546
1605153600,1605215702
1605153600,1605214773
1605153600,1605215702
1605153600,1605214931
1605153600,1605215702
1605153600,1605215702
1605153600,1605215702
1605153600,1605215702
1605067200,1605134700
1605153600,1605215702
1605153600,1605215702
1605153600,1605215702
1605153600,1605207601
1605153600,1605215701
1605153600,1605215701
1605153600,1605206760
1605153600,1605215701
1605153600,1605215701
1605153600,1605206760
1605153600,1605215701
1605153600,1605215701
1605153600,1605183682
1605153600,1605215701
1605153600,1605207662
1605153600,1605215701
1605153600,1605154930
1605153600,1605215701
1605153600,1605215701
1605153600,1605180839
1605153600,1605215701
1605153600,1605194400
1605153600,1605215701
1605153600,1605214589
1605153600,1605215700
1605153600,1605215700
1605153600,1605215700
1605153600,1605215700
1605153600,1605215700
1605153600,1605215700
1605153600,1605215700
1605067200,1605152558
1605153600,1605215700
1605153600,1605207662
1605153600,1605215700
1605153600,1605215700
1605153600,1605215700
1605153600,1605183682
1605153600,1605215700
1605153600,1605215700
1605153600,1605215700
1605153600,1605215700
1605153600,1605215700
1605153600,1605215700
1605153600,1605204070
1605153600,1605215700
1605153600,1605215700
1605153600,1605154029
1605153600,1605215700
1605153600,1605215700
1605153600,1605215700
1605153600,1605215700
1605153600,1605215700
1605153600,1605215700
1605153600,1605215700
1605153600,1605215700
1605153600,1605209600
1605153600,1605215700
1605153600,1605209191
1605153600,1605215700
1605153600,1605204600
1605153600,1605215699
1605153600,1605213783
1605153600,1605215699
1605153600,1605206760
1605153600,1605215699
1605153600,1605200507
1605153600,1605215699
1605153600,1605215699
1605153600,1605215699
1605153600,1605215698
1604980800,1605053062
1605153600,1605215698
1605153600,1605215698
1605153600,1605196216
1605153600,1605215698
1605153600,1605215698
1605153600,1605208127
1605153600,1605215698
1605153600,1605211214
1605153600,1605215697
1605153600,1605214116
1605153600,1605215697
1605153600,1605185556
1605153600,1605215697
1605153600,1605215697
1605153600,1605215697
1605067200,1605145861
1605153600,1605215697
1605153600,1605206629
1605153600,1605215697
1605067200,1605137325
1605153600,1605215697
1605153600,1605215696
1605153600,1605198177
1605153600,1605215696
1605153600,1605215696
1605153600,1605213050
1605153600,1605215696
1605153600,1605215696
1605153600,1605209047
1605153600,1605215696
1605153600,1605165178
1605153600,1605215696
1605153600,1605215696
1605153600,1605215696
1605153600,1605207601
1605153600,1605215696
1605153600,1605215696
1605153600,1605190965
1605153600,1605215696
1605153600,1605213342
1605153600,1605215696
1605153600,1605154950
1605153600,1605215695
1605153600,1605175090
1605153600,1605215695
1605153600,1605215695
1605153600,1605215695
1605153600,1605215695
1605067200,1605119586
1605153600,1605215695
1605153600,1605215591
1605153600,1605215695
1605153600,1605215695
1605153600,1605215695
1605153600,1605214619
1605153600,1605215695
1605153600,1605207601
1605153600,1605215694
1605153600,1605214709
1605153600,1605215694
1605153600,1605207662
1605153600,1605215694
1605153600,1605209191
1605153600,1605215694
1605153600,1605214116
1605153600,1605215694
1605153600,1605163202
1605153600,1605215694
1605153600,1605214931
1605153600,1605215694
1605153600,1605207601
1605153600,1605215694
1605153600,1605215694
1605153600,1605215694
1605153600,1605164401
1605153600,1605215694
1605153600,1605213379
1605153600,1605215694
1605153600,1605186371
1605153600,1605215693
1605153600,1605215693
1605153600,1605215693
1605153600,1605215545
1605153600,1605215693
1605153600,1605166794
1605153600,1605215693
1605153600,1605215693
1605153600,1605215542
1605153600,1605215693
1605153600,1605215491
1605153600,1605215693
1605153600,1605204634
1605153600,1605215693
1605153600,1605209823
1605153600,1605215693
1605153600,1605210562
1605153600,1605215693
1605153600,1605214116
1605153600,1605215693
1605153600,1605206656
1605153600,1605215692
1605153600,1605215591
1605153600,1605215692
1605153600,1605215692
1605153600,1605214814
1605153600,1605215692
1605067200,1605134440
1605153600,1605215692
1605153600,1605215692
1605067200,1605143185
1605153600,1605215692
1605153600,1605194132
1605153600,1605215692
1605153600,1605215692
1605067200,1605119586
1605153600,1605215692
1605153600,1605213422
1605153600,1605215692
1605153600,1605198521
1605153600,1605215692
1604462400,1604519955
1605153600,1605215692
1605153600,1605215638
1605153600,1605215691
1605067200,1605146827
1605153600,1605215691
1605153600,1605215691
1605153600,1605215691
1605153600,1605215691
1605153600,1605215525
1605153600,1605215691
1605153600,1605215188
1605153600,1605215691
1605153600,1605215691
1605153600,1605215691
1605153600,1605215642
1605153600,1605215691
1605067200,1605144038
1605153600,1605215691
1605153600,1605215691
1605153600,1605215691
1605153600,1605164401
1605153600,1605215690
1605153600,1605210528
1605153600,1605215690
1605153600,1605203323
1605153600,1605215690
1604548800,1604598828
1605153600,1605215690
1605153600,1605205985
1605153600,1605215690
1605153600,1605210762
1605153600,1605215690
1605153600,1605215684
1605153600,1605215690
1605153600,1605215690
1605153600,1605197348
1605153600,1605215690
1605153600,1605209600
1605153600,1605215690
1605153600,1605209191
1605153600,1605215690
1605153600,1605215690
1605153600,1605215379
1605153600,1605215690
1605153600,1605214424
1605153600,1605215690
1605153600,1605212665
1605153600,1605215690
1605153600,1605215690
1605153600,1605174895
1605153600,1605215690
1605153600,1605215690
1605153600,1605215665
1605153600,1605215690
1605153600,1605215690
1605153600,1605215690
1604980800,1604983724
1605153600,1605215690
1605153600,1605215690
1605153600,1605215690
1605153600,1605208650
1605153600,1605215690
1605153600,1605214837
1605153600,1605215689
1605153600,1605215689
1605153600,1605215689
1605153600,1605215689
1605153600,1605215657
1605153600,1605215689
1605153600,1605215689
1605153600,1605212522
1605153600,1605215689
1605153600,1605215689
1605153600,1605215689
1605153600,1605214116
1605153600,1605215689
1605153600,1605215689
1605153600,1605206934
1605153600,1605215689
1605153600,1605179917
1605153600,1605215689
1605153600,1605194132
1605153600,1605215689
1605153600,1605215689
1605153600,1605205546
1605153600,1605215689
1605153600,1605198481
1605153600,1605215688
1605153600,1605212007
1605153600,1605215688
1605153600,1605215688
1605153600,1605215688
1605153600,1605215688
1605153600,1605207662
1605153600,1605215688
1605153600,1605212326
1605153600,1605215688
1605153600,1605213450
1605153600,1605215688
1605153600,1605215688
1605153600,1605213241
1605153600,1605215688
1605153600,1605198472
1605153600,1605215687
1605153600,1605215591
1605153600,1605215687
1605153600,1605196602
1605153600,1605215687
1605153600,1605215587
1605153600,1605215687
1605153600,1605215687
1605153600,1605210528
1605153600,1605215687
1573012800,1573086462
1605153600,1605215687
1605067200,1605141520
1605153600,1605215687
1605153600,1605215687
1605153600,1605204778
1605153600,1605215686
1605153600,1605215686
1605153600,1605215686
1605153600,1605185556
1605153600,1605215686
1605153600,1605207602
1605153600,1605215686
1605153600,1605214992
1605153600,1605215686
1605153600,1605166725
1605153600,1605215686
1605153600,1605214116
1605153600,1605215686
1605153600,1605215686
1605153600,1605215685
1605067200,1605149923
1605153600,1605215685
1605153600,1605214352
1605153600,1605215685
1605153600,1605215685
1605153600,1605215685
1605153600,1605207601
1605153600,1605215685
1605153600,1605215685
1605153600,1605165178
1605153600,1605215685
1605153600,1605163202
1605153600,1605215684
1605153600,1605215668
1605153600,1605215684
1605153600,1605215684
1605153600,1605201359
1605153600,1605215684
1605153600,1605184922
1605153600,1605215684
1605153600,1605215674
1605153600,1605215684
1605153600,1605214116
1605153600,1605215684
1605153600,1605215684
1605153600,1605196807
1605153600,1605215684
1605153600,1605215491
1605153600,1605215684
1605067200,1605134440
1605153600,1605215684
1605153600,1605215684
1605153600,1605211069
1605153600,1605215684
1605153600,1605211175
1605153600,1605215684
1605153600,1605215684
1605153600,1605215683
1605153600,1605215683
1605153600,1605167185
1605153600,1605215683
1605153600,1605214810
1605153600,1605215683
1605153600,1605163202
1605153600,1605215683
1605153600,1605215683
1605153600,1605209191
1605153600,1605215683
1605153600,1605214837
1605153600,1605215683
1605153600,1605211127
1605153600,1605215683
1605153600,1605207601
1605153600,1605215683
1605153600,1605215683
1605153600,1605215682
1605153600,1605215146
1605153600,1605215682
1605153600,1605215682
1605153600,1605215682
1605153600,1605214192
1605153600,1605215682
1605153600,1605212623
1605153600,1605215682
1605153600,1605208078
1605153600,1605215682
1605153600,1605214037
1605153600,1605215682
1605153600,1605194132
1605153600,1605215682
1605153600,1605163202
1605153600,1605215682
1605153600,1605184922
1605153600,1605215682
1605153600,1605214481
1605153600,1605215681
1605153600,1605213240
1605153600,1605215681
1605153600,1605175619
1605153600,1605215681
1605153600,1605215212
1605153600,1605215681
1605067200,1605134488
1605153600,1605215681
1604980800,1605055996
1605153600,1605215681
1605153600,1605215264
1605153600,1605215681
1605153600,1605215681
1605153600,1605215681
1605153600,1605215681
1605153600,1605214980
1605153600,1605215681
1605153600,1605215120
1605153600,1605215681
1605153600,1605215681
1605153600,1605214407
1605153600,1605215680
1605153600,1605209600
1605153600,1605215680
1605153600,1605215680
1605153600,1605185556
1605153600,1605215680
1605153600,1605215680
1605153600,1605214520
1605153600,1605215680
1605153600,1605213533
1605153600,1605215680
1605153600,1605215680
1605153600,1605215680
1605153600,1605212552
1605153600,1605215680
1605153600,1605215680
1605153600,1605215658
1605153600,1605215680
1605067200,1605131962
1605153600,1605215680
1605153600,1605215680
1604113200,1604163102
1605153600,1605215680
1605153600,1605210691
1605153600,1605215680
1605153600,1605194694
1605153600,1605215679
1605153600,1605212443
1605153600,1605215679
1605153600,1605198030
1605153600,1605215679
1605153600,1605212164
1605153600,1605215679
1605153600,1605215679
1601953200,1602001258
1605153600,1605215679
1605153600,1605215679
1605153600,1605215679
1605153600,1605215679
1605153600,1605194132
1605153600,1605215679
1605153600,1605215679
1605153600,1605215679
1605153600,1605214796
1605153600,1605215679
1605153600,1605193261
1605153600,1605215678
1605153600,1605215631
1605153600,1605215678
1605153600,1605215678
1605153600,1605207690
1605153600,1605215678
1605153600,1605200400
1605153600,1605215678
1605153600,1605164298
1605153600,1605215678
1605153600,1605209172
1605153600,1605215678
1605153600,1605215678
1605153600,1605210957
1605153600,1605215678
1605153600,1605215678
1605153600,1605215678
1605153600,1605215678
1605153600,1605215591
1605153600,1605215677
1605153600,1605210322
1605153600,1605215677
1605153600,1605215677
1605153600,1605215677
1605153600,1605208786
1605153600,1605215677
1605153600,1605212538
1605153600,1605215677
1605153600,1605202474
1605153600,1605215677
1604894400,1604969654
1605153600,1605215677
1605153600,1605208993
1605153600,1605215677
1605153600,1605215677
1605153600,1605201712
1605153600,1605215677
1605153600,1605215520
1605153600,1605215677
1605153600,1605163202
1605153600,1605215677
1593140400,1593225147
1605153600,1605215677
1605153600,1605207710
1605153600,1605215677
1605153600,1605215677
1605153600,1605198547
1605153600,1605215677
1605153600,1605154930
1605153600,1605215676
1605153600,1605215676
1605153600,1605213533
1605153600,1605215676
1605153600,1605205118
1605153600,1605215676
1605153600,1605214922
1605153600,1605215676
1605153600,1605214860
1605153600,1605215676
1605153600,1605215676
1605153600,1605215676
1605153600,1605215676
1605153600,1605215676
1605153600,1605215675
1605153600,1605215675
1605153600,1605215594
1605153600,1605215675
1605153600,1605215675
1605153600,1605210432
1605153600,1605215675
1605153600,1605215675
1605153600,1605205376
1605153600,1605215675
1605153600,1605215674
1605153600,1605211648
1605153600,1605215674
1605153600,1605198492
1605153600,1605215674
1605153600,1605215674
1605153600,1605207601
1605153600,1605215674
1605153600,1605215674
1605153600,1605198598
1605153600,1605215674
1605067200,1605149746
1605153600,1605215674
1605153600,1605215674
1605153600,1605194467
1605153600,1605215674
1605153600,1605206760
1605153600,1605215673
1605153600,1605207662
1605153600,1605215673
1604808000,1604852655
1605153600,1605215673
1605153600,1605183682
1605153600,1605215673
1605153600,1605198466
1605153600,1605215673
1605153600,1605196005
1605153600,1605215673
1605153600,1605214801
1605153600,1605215673
1605153600,1605213843
1605153600,1605215673
1605067200,1605083437
1605153600,1605215673
1605153600,1605215673
1605153600,1605163972
1605153600,1605215672
1605153600,1605215672
1605153600,1605198461
1605153600,1605215672
1605153600,1605209191
1605153600,1605215672
1605153600,1605215672
1605153600,1605215174
1605153600,1605215672
1605153600,1605215672
1605153600,1605184922
1605153600,1605215672
1605153600,1605215672
1605067200,1605145777
1605153600,1605215672
1604548800,1604562182
1605153600,1605215672
1605153600,1605199040
1605153600,1605215672
1605153600,1605166185
1605153600,1605215672
1605153600,1605215672
1605153600,1605188463
1605153600,1605215672
1605153600,1605215516
1605153600,1605215672
1605153600,1605215671
1605153600,1605205702
1605153600,1605215671
1604635200,1604671269
1605153600,1605215671
1605153600,1605215481
1605153600,1605215671
1605153600,1605207662
1605153600,1605215671
1605153600,1605215671
1605153600,1605215671
1605153600,1605207601
1605153600,1605215671
1605153600,1605215532
1605153600,1605215670
1605153600,1605215591
1605153600,1605215670
1605153600,1605215670
1605153600,1605208593
1605153600,1605215670
1605153600,1605213560
1605153600,1605215670
1605153600,1605214184
1605153600,1605215670
1605153600,1605207662
1605153600,1605215670
1605153600,1605207601
1605153600,1605215670
1605153600,1605215670
1605153600,1605186981
1605153600,1605215670
1605153600,1605215670
1605153600,1605215669
1605153600,1605198250
1605153600,1605215669
1605153600,1605206404
1605153600,1605215669
1605153600,1605215669
1605153600,1605207601
1605153600,1605215669
1605153600,1605160932
1605153600,1605215669
1605153600,1605215669
1605153600,1605209191
1605153600,1605215669
1605067200,1605094206
1605153600,1605215669
1605153600,1605201712
1605153600,1605215669
1605067200,1605132285
1605153600,1605215669
1605153600,1605215669
1605153600,1605206417
1605153600,1605215669
1605153600,1605209355
1605153600,1605215668
1605153600,1605214116
1605153600,1605215668
1605153600,1605215394
1605153600,1605215668
1605153600,1605209191
1605153600,1605215668
1605153600,1605215668
1605153600,1605215668
1605153600,1605197124
1605153600,1605215668
1605153600,1605154930
1605153600,1605215668
1605067200,1605121480
1605153600,1605215668
1605153600,1605215562
1605153600,1605215668
1605153600,1605211590
1605153600,1605215667
1605153600,1605214116
1605153600,1605215667
1605153600,1605215667
1605153600,1605176327
1605153600,1605215667
1605153600,1605154930
1605153600,1605215667
1605153600,1605215667
1605153600,1605214116
1605153600,1605215667
1605153600,1605215666
1605153600,1605184922
1605153600,1605215666
1605153600,1605198690
1605153600,1605215666
1605153600,1605215666
1605153600,1605215666
1605153600,1605215666
1605153600,1605215665
1605153600,1605214047
1605153600,1605215665
1605153600,1605215665
1605153600,1605211500
1605153600,1605215665
1605153600,1605207601
1605153600,1605215665
1605153600,1605201712
1605153600,1605215665
1605153600,1605213182
1605153600,1605215665
1605153600,1605212840
1605153600,1605215665
1605153600,1605184922
1605153600,1605215665
1605153600,1605215665
1605153600,1605215365
1605153600,1605215665
1605153600,1605215452
1605153600,1605215664
1605153600,1605205440
1605153600,1605215664
1605153600,1605215664
1605153600,1605215277
1605153600,1605215664
1605153600,1605215664
1605153600,1605209191
1605153600,1605215664
1605153600,1605215664
1604721600,1604761555
1605153600,1605215664
1605153600,1605208543
1605153600,1605215663
1605153600,1605215027
1605153600,1605215663
1499482800,1499486409
1605153600,1605215663
1605153600,1605215663
1605153600,1605209193
1605153600,1605215663
1605153600,1605215663
1605153600,1605215662
1605067200,1605122411
1605153600,1605215662
1605153600,1605190753
1605153600,1605215662
1605067200,1605134440
1605153600,1605215662
1605153600,1605211620
1605153600,1605215662
1605153600,1605215662
1605153600,1605207601
1605153600,1605215662
1605153600,1605215662
1605153600,1605215662
1605153600,1605215310
1605153600,1605215662
1605153600,1605210957
1605153600,1605215662
1605153600,1605211259
1605153600,1605215662
1605153600,1605213843
1605153600,1605215662
1605067200,1605132424
1605153600,1605215662
1605153600,1605215662
1605153600,1605209600
1605153600,1605215662
1605153600,1605207295
1605153600,1605215662
1605153600,1605206846
1605153600,1605215662
1605153600,1605203654
1605153600,1605215661
1605153600,1605215661
1605067200,1605144984
1605153600,1605215661
1605153600,1605215661
1605153600,1605215661
1605153600,1605203827
1605153600,1605215661
1605153600,1605206737
1605153600,1605215661
1605153600,1605213066
1605153600,1605215661
1605153600,1605207601
1605153600,1605215661
1605067200,1605139217
1605153600,1605215661
1605153600,1605215661
1605153600,1605212522
1605153600,1605215661
1605153600,1605209129
1605153600,1605215660
1605153600,1605213980
1605153600,1605215660
1605153600,1605215660
1605153600,1605207601
1605153600,1605215660
1605153600,1605210234
1605153600,1605215659
1605153600,1605197003
1605153600,1605215660
1605153600,1605215659
1605153600,1605186200
1605153600,1605215659
1605153600,1605208905
1605153600,1605215659
1605153600,1605215659
1605153600,1605207601
1605153600,1605215659
1605153600,1605207749
1605153600,1605215659
1605153600,1605207871
1605153600,1605215659
1605153600,1605215659
1605067200,1605117387
1605153600,1605215659
1605153600,1605210216
1605153600,1605215659
1605153600,1605215659
1605153600,1605204340
1605153600,1605215659
1605153600,1605215659
1605153600,1605206092
1605153600,1605215658
1605153600,1605215084
1605153600,1605215658
1605153600,1605215658
1605153600,1605215658
1604980800,1605057948
1605153600,1605215658
1605153600,1605215658
1605153600,1605215658
1605153600,1605207601
1605153600,1605215658
1605153600,1605187134
